Model,Accuracy,Precision,Recall,F1-Score,Loss
biobert_v1.1,0.9405099150141643,0.5,0.2857142857142857,0.36363636363636365,0.45171064138412476
clinicalbert,0.9773371104815864,0.9333333333333333,0.6666666666666666,0.7777777777777778,0.10956540703773499
roberta_base,0.9631728045325779,0.8333333333333334,0.47619047619047616,0.6060606060606061,0.0867963507771492
